System,River,River_original,Year,discharge_AprSep,DataSource,mean_temp_JunAug,mean_temp_MaySep,max_temp_JunAug,max_discharge_AprSep,mean_discharge_MarMay
Bristol Bay,Kvichak,KVICHAK R AT IGIUGIG AK,2023,NA,USGS,11.92089552238806,11.95068493150685,13.7,30200,NA
Bristol Bay,Kvichak,KVICHAK R AT IGIUGIG AK,2024,NA,USGS,11.936842105263159,11.49795918367347,12.4,28600,12783.695652173914
Bristol Bay,Kvichak,KVICHAK R AT IGIUGIG AK,2025,NA,USGS,9.495454545454546,8.186046511627907,11.7,16000,14295.652173913044
Bristol Bay,Nushagak,KOKWOK R 22 MI AB NUSHAGAK R NR EKWOK AK,2017,NA,USGS,13.319565217391304,11.296732026143792,17.5,2490,630.0652173913044
Bristol Bay,Nushagak,KOKWOK R 22 MI AB NUSHAGAK R NR EKWOK AK,2018,NA,USGS,12.079746835443038,10.229285714285714,16.2,6740,1655.9673913043478
Bristol Bay,Nushagak,KOKWOK R 22 MI AB NUSHAGAK R NR EKWOK AK,2019,NA,USGS,15.081318681318681,12.687769784172662,20.7,7010,2677.1739130434785
Bristol Bay,Nushagak,KOKWOK R 22 MI AB NUSHAGAK R NR EKWOK AK,2020,NA,USGS,13.591304347826087,11.43202614379085,16.9,6120,1455
Bristol Bay,Nushagak,KOKWOK R 22 MI AB NUSHAGAK R NR EKWOK AK,2021,NA,USGS,12.154347826086957,9.99281045751634,18.1,5900,1687.054347826087
Bristol Bay,Nushagak,KOKWOK R 22 MI AB NUSHAGAK R NR EKWOK AK,2022,NA,USGS,13.078260869565218,11.332558139534884,17.5,7370,1863.7173913043478
Bristol Bay,NA,KVICHAK R AT IGIUGIG AK,1967,NA,USGS,NA,NA,-Inf,43000,NA
Bristol Bay,NA,KVICHAK R AT IGIUGIG AK,1968,NA,USGS,NA,NA,-Inf,27200,12381.521739130434
Bristol Bay,NA,KVICHAK R AT IGIUGIG AK,1969,NA,USGS,NA,NA,-Inf,22000,7061.95652173913
Bristol Bay,NA,KVICHAK R AT IGIUGIG AK,1970,NA,USGS,NA,NA,-Inf,25800,13075
Bristol Bay,NA,KVICHAK R AT IGIUGIG AK,1971,NA,USGS,NA,NA,-Inf,42100,9761.739130434782
Bristol Bay,NA,KVICHAK R AT IGIUGIG AK,1972,NA,USGS,NA,NA,-Inf,32300,13684.782608695652
Bristol Bay,NA,KVICHAK R AT IGIUGIG AK,1973,NA,USGS,NA,NA,-Inf,23400,10136.521739130434
Bristol Bay,NA,KVICHAK R AT IGIUGIG AK,1974,NA,USGS,NA,NA,-Inf,18000,7926.739130434783
Bristol Bay,NA,KVICHAK R AT IGIUGIG AK,1975,NA,USGS,NA,NA,-Inf,25800,9208.695652173914
Bristol Bay,NA,KVICHAK R AT IGIUGIG AK,1976,NA,USGS,NA,NA,-Inf,23000,8713.260869565218
Bristol Bay,NA,KVICHAK R AT IGIUGIG AK,1977,NA,USGS,NA,NA,-Inf,39400,15744.565217391304
Bristol Bay,NA,KVICHAK R AT IGIUGIG AK,1978,NA,USGS,NA,NA,-Inf,22100,10472.5
Bristol Bay,NA,KVICHAK R AT IGIUGIG AK,1979,NA,USGS,NA,NA,-Inf,29400,12406.521739130434
Bristol Bay,NA,KVICHAK R AT IGIUGIG AK,1980,NA,USGS,NA,NA,-Inf,45100,14097.826086956522
Bristol Bay,NA,KVICHAK R AT IGIUGIG AK,1981,NA,USGS,NA,NA,-Inf,34000,21134.782608695652
Bristol Bay,NA,KVICHAK R AT IGIUGIG AK,1982,NA,USGS,NA,NA,-Inf,34000,9406.521739130434
Bristol Bay,NA,KVICHAK R AT IGIUGIG AK,1983,NA,USGS,NA,NA,-Inf,19700,11798.91304347826
Bristol Bay,NA,KVICHAK R AT IGIUGIG AK,1984,NA,USGS,NA,NA,-Inf,21300,10836.08695652174
Bristol Bay,NA,KVICHAK R AT IGIUGIG AK,1985,NA,USGS,NA,NA,-Inf,32000,9156.521739130434
Bristol Bay,NA,KVICHAK R AT IGIUGIG AK,1986,NA,USGS,NA,NA,-Inf,28200,10147.826086956522
Bristol Bay,NA,KVICHAK R AT IGIUGIG AK,1987,NA,USGS,NA,NA,-Inf,28600,13758.695652173914
Bristol Bay,NA,KOKWOK R 22 MI AB NUSHAGAK R NR EKWOK AK,2016,NA,USGS,NA,NA,-Inf,-Inf,NA
Fraser River,Chilko,CHILKO RIVER NEAR REDSTONE,1947,117.11748622935978,WSC,NA,NA,NA,NA,NA
Fraser River,Chilko,CHILKO RIVER AT OUTLET OF CHILKO LAKE,1947,56.08650015195211,WSC,NA,NA,NA,NA,NA
Fraser River,Chilko,CHILKO RIVER NEAR REDSTONE,1948,190.7076503566054,WSC,NA,NA,NA,NA,NA
Fraser River,Chilko,CHILKO RIVER AT OUTLET OF CHILKO LAKE,1948,87.18834292003086,WSC,NA,NA,NA,NA,NA
Fraser River,Chilko,CHILKO RIVER NEAR REDSTONE,1949,122.54207641309728,WSC,NA,NA,NA,NA,NA
Fraser River,Chilko,CHILKO RIVER AT OUTLET OF CHILKO LAKE,1949,58.38786889946526,WSC,NA,NA,NA,NA,NA
Fraser River,Chilko,CHILKO RIVER NEAR REDSTONE,1950,165.5546447253618,WSC,NA,NA,NA,NA,NA
Fraser River,Chilko,CHILKO RIVER AT OUTLET OF CHILKO LAKE,1950,75.10120227167515,WSC,NA,NA,NA,NA,NA
Fraser River,Chilko,CHILKO RIVER NEAR REDSTONE,1951,156.13333332603747,WSC,NA,NA,NA,NA,NA
Fraser River,Chilko,CHILKO RIVER AT OUTLET OF CHILKO LAKE,1951,72.21136606195586,WSC,NA,NA,NA,NA,NA
Fraser River,Chilko,CHILKO RIVER NEAR REDSTONE,1952,137.81011225668232,WSC,NA,NA,NA,NA,NA
Fraser River,Chilko,CHILKO RIVER AT OUTLET OF CHILKO LAKE,1952,65.78939885519893,WSC,NA,NA,NA,NA,NA
Fraser River,Chilko,CHILKO RIVER NEAR REDSTONE,1953,131.14098362844499,WSC,NA,NA,NA,NA,NA
Fraser River,Chilko,CHILKO RIVER AT OUTLET OF CHILKO LAKE,1953,86.36612879845404,WSC,NA,NA,NA,NA,NA
Fraser River,Chilko,CHILKO RIVER NEAR REDSTONE,1954,150.6464480832626,WSC,NA,NA,NA,NA,NA
Fraser River,Chilko,CHILKO RIVER AT OUTLET OF CHILKO LAKE,1954,68.8614754025402,WSC,NA,NA,NA,NA,NA
Fraser River,Chilko,CHILKO RIVER NEAR REDSTONE,1955,152.7737704626198,WSC,NA,NA,NA,NA,NA
Fraser River,Chilko,CHILKO RIVER AT OUTLET OF CHILKO LAKE,1955,70.32677581140904,WSC,NA,NA,NA,NA,NA
Fraser River,Chilko,CHILKO RIVER NEAR REDSTONE,1956,151.73333331144573,WSC,NA,NA,NA,NA,NA
Fraser River,Chilko,CHILKO RIVER AT OUTLET OF CHILKO LAKE,1956,71.9333333343756,WSC,NA,NA,NA,NA,NA
Fraser River,Chilko,CHILKO RIVER NEAR REDSTONE,1957,133.96010929899788,WSC,NA,NA,NA,NA,NA
Fraser River,Chilko,CHILKO RIVER AT OUTLET OF CHILKO LAKE,1957,62.01415298024162,WSC,NA,NA,NA,NA,NA
Fraser River,Chilko,CHILKO RIVER NEAR REDSTONE,1958,182.9087431131165,WSC,NA,NA,NA,NA,NA
Fraser River,Chilko,CHILKO RIVER AT OUTLET OF CHILKO LAKE,1958,99.84117651297376,WSC,NA,NA,NA,NA,NA
Fraser River,Chilko,CHILKO RIVER NEAR REDSTONE,1959,172.99512194811814,WSC,NA,NA,NA,NA,NA
Fraser River,Chilko,CHILKO RIVER AT OUTLET OF CHILKO LAKE,1959,61.950819599172455,WSC,NA,NA,NA,NA,NA
Fraser River,Chilko,CHILKO RIVER NEAR REDSTONE,1960,150.54248369752972,WSC,NA,NA,NA,NA,NA
Fraser River,Chilko,CHILKO RIVER AT OUTLET OF CHILKO LAKE,1960,65.5781419733183,WSC,NA,NA,NA,NA,NA
Fraser River,Chilko,CHILKO RIVER NEAR REDSTONE,1961,161.86994528640162,WSC,NA,NA,NA,NA,NA
Fraser River,Chilko,CHILKO RIVER AT OUTLET OF CHILKO LAKE,1961,78.05081960021472,WSC,NA,NA,NA,NA,NA
Fraser River,Chilko,CHILKO RIVER NEAR REDSTONE,1962,157.28888891880808,WSC,NA,NA,NA,NA,NA
Fraser River,Chilko,CHILKO RIVER AT OUTLET OF CHILKO LAKE,1962,57.877049248075224,WSC,NA,NA,NA,NA,NA
Fraser River,Chilko,CHILKO RIVER NEAR REDSTONE,1963,148.7513661097959,WSC,NA,NA,NA,NA,NA
Fraser River,Chilko,CHILKO RIVER AT OUTLET OF CHILKO LAKE,1963,69.17213094429891,WSC,NA,NA,NA,NA,NA
Fraser River,Chilko,CHILKO RIVER NEAR REDSTONE,1964,148.94207651107038,WSC,NA,NA,NA,NA,NA
Fraser River,Chilko,CHILKO RIVER AT OUTLET OF CHILKO LAKE,1964,65.26825133047468,WSC,NA,NA,NA,NA,NA
Fraser River,Chilko,CHILKO RIVER NEAR REDSTONE,1965,150.19818184592506,WSC,NA,NA,NA,NA,NA
Fraser River,Chilko,CHILKO RIVER AT OUTLET OF CHILKO LAKE,1965,69.57511760487276,WSC,NA,NA,NA,NA,NA
Fraser River,Chilko,CHILKO RIVER NEAR REDSTONE,1966,152.81912566013023,WSC,NA,NA,NA,NA,NA
Fraser River,Chilko,CHILKO RIVER AT OUTLET OF CHILKO LAKE,1966,69.213387927071,WSC,NA,NA,NA,NA,NA
Fraser River,Chilko,CHILKO RIVER NEAR REDSTONE,1967,174.7945355378865,WSC,NA,NA,NA,NA,NA
Fraser River,Chilko,CHILKO RIVER AT OUTLET OF CHILKO LAKE,1967,84.56688528373593,WSC,NA,NA,NA,NA,NA
Fraser River,Chilko,CHILKO RIVER NEAR REDSTONE,1968,152.1814207275057,WSC,NA,NA,NA,NA,NA
Fraser River,Chilko,CHILKO RIVER AT OUTLET OF CHILKO LAKE,1968,73.78196725688997,WSC,NA,NA,NA,NA,NA
Fraser River,Chilko,CHILKO RIVER NEAR REDSTONE,1969,165.28251370706192,WSC,NA,NA,NA,NA,NA
Fraser River,Chilko,CHILKO RIVER AT OUTLET OF CHILKO LAKE,1969,82.89726789401529,WSC,NA,NA,NA,NA,NA
Fraser River,Chilko,CHILKO RIVER NEAR REDSTONE,1970,115.82622961659249,WSC,NA,NA,NA,NA,NA
Fraser River,Chilko,CHILKO RIVER AT OUTLET OF CHILKO LAKE,1970,54.98327869404861,WSC,NA,NA,NA,NA,NA
Fraser River,Chilko,CHILKO RIVER NEAR REDSTONE,1971,135.563388094876,WSC,NA,NA,NA,NA,NA
Fraser River,Chilko,CHILKO RIVER AT OUTLET OF CHILKO LAKE,1971,66.02513665058574,WSC,NA,NA,NA,NA,NA
Fraser River,Chilko,CHILKO RIVER NEAR REDSTONE,1972,142.45409841485363,WSC,NA,NA,NA,NA,NA
Fraser River,Chilko,CHILKO RIVER AT OUTLET OF CHILKO LAKE,1972,73.03305995399184,WSC,NA,NA,NA,NA,NA
Fraser River,Chilko,CHILKO RIVER NEAR REDSTONE,1973,101.7114754244278,WSC,NA,NA,NA,NA,NA
Fraser River,Chilko,CHILKO RIVER AT OUTLET OF CHILKO LAKE,1973,47.09016376505784,WSC,NA,NA,NA,NA,NA
Fraser River,Chilko,CHILKO RIVER NEAR REDSTONE,1974,139.63442629412876,WSC,NA,NA,NA,NA,NA
Fraser River,Chilko,CHILKO RIVER AT OUTLET OF CHILKO LAKE,1974,67.14169394904799,WSC,NA,NA,NA,NA,NA
Fraser River,Chilko,CHILKO RIVER NEAR REDSTONE,1975,112.04699457929435,WSC,NA,NA,NA,NA,NA
Fraser River,Chilko,CHILKO RIVER AT OUTLET OF CHILKO LAKE,1975,53.59726783095813,WSC,NA,NA,NA,NA,NA
Fraser River,Chilko,CHILKO RIVER NEAR REDSTONE,1976,146.46065573353584,WSC,NA,NA,NA,NA,NA
Fraser River,Chilko,CHILKO RIVER AT OUTLET OF CHILKO LAKE,1976,71.9265573689195,WSC,NA,NA,NA,NA,NA
Fraser River,Chilko,CHILKO RIVER NEAR REDSTONE,1977,121.86393433451,WSC,NA,NA,NA,NA,NA
Fraser River,Chilko,CHILKO RIVER AT OUTLET OF CHILKO LAKE,1977,56.67125675847621,WSC,NA,NA,NA,NA,NA
Fraser River,Chilko,CHILKO RIVER NEAR REDSTONE,1978,132.24754084394277,WSC,NA,NA,NA,NA,NA
Fraser River,Chilko,CHILKO RIVER AT OUTLET OF CHILKO LAKE,1978,62.25808752039091,WSC,NA,NA,NA,NA,NA
Fraser River,Chilko,CHILKO RIVER NEAR REDSTONE,1979,109.04863387248555,WSC,NA,NA,NA,NA,NA
Fraser River,Chilko,CHILKO RIVER AT OUTLET OF CHILKO LAKE,1979,51.304426201054305,WSC,NA,NA,NA,NA,NA
Fraser River,Chilko,CHILKO RIVER NEAR REDSTONE,1980,115.75409831375372,WSC,NA,NA,NA,NA,NA
Fraser River,Chilko,CHILKO RIVER AT OUTLET OF CHILKO LAKE,1980,55.93770500871002,WSC,NA,NA,NA,NA,NA
Fraser River,Chilko,CHILKO RIVER NEAR REDSTONE,1981,130.4300546489778,WSC,NA,NA,NA,NA,NA
Fraser River,Chilko,CHILKO RIVER AT OUTLET OF CHILKO LAKE,1981,61.01912564136943,WSC,NA,NA,NA,NA,NA
Fraser River,Chilko,CHILKO RIVER NEAR REDSTONE,1982,140.5650273151085,WSC,NA,NA,NA,NA,NA
Fraser River,Chilko,CHILKO RIVER AT OUTLET OF CHILKO LAKE,1982,65.53655746595456,WSC,NA,NA,NA,NA,NA
Fraser River,Chilko,CHILKO RIVER NEAR REDSTONE,1983,125.4885246610381,WSC,NA,NA,NA,NA,NA
Fraser River,Chilko,CHILKO RIVER AT OUTLET OF CHILKO LAKE,1983,57.60311469614832,WSC,NA,NA,NA,NA,NA
Fraser River,Chilko,CHILKO RIVER NEAR REDSTONE,1984,104.14918036539046,WSC,NA,NA,NA,NA,NA
Fraser River,Chilko,CHILKO RIVER AT OUTLET OF CHILKO LAKE,1984,50.29366145629049,WSC,NA,NA,NA,NA,NA
Fraser River,Chilko,CHILKO RIVER NEAR REDSTONE,1985,110.54316930301854,WSC,NA,NA,NA,NA,NA
Fraser River,Chilko,CHILKO RIVER AT OUTLET OF CHILKO LAKE,1985,49.02983615437492,WSC,NA,NA,NA,NA,NA
Fraser River,Chilko,CHILKO RIVER NEAR REDSTONE,1986,138.260109291702,WSC,NA,NA,NA,NA,NA
Fraser River,Chilko,CHILKO RIVER AT OUTLET OF CHILKO LAKE,1986,66.99710376927109,WSC,NA,NA,NA,NA,NA
Fraser River,Chilko,CHILKO RIVER NEAR REDSTONE,1987,147.2453552517083,WSC,NA,NA,NA,NA,NA
Fraser River,Chilko,CHILKO RIVER AT OUTLET OF CHILKO LAKE,1987,70.00874320275145,WSC,NA,NA,NA,NA,NA
Fraser River,Chilko,CHILKO RIVER NEAR REDSTONE,1988,117.88688522609857,WSC,NA,NA,NA,NA,NA
Fraser River,Chilko,CHILKO RIVER AT OUTLET OF CHILKO LAKE,1988,55.49180321094117,WSC,NA,NA,NA,NA,NA
Fraser River,Chilko,CHILKO RIVER NEAR REDSTONE,1989,127.65956282485378,WSC,NA,NA,NA,NA,NA
Fraser River,Chilko,CHILKO RIVER AT OUTLET OF CHILKO LAKE,1989,56.57765034378552,WSC,NA,NA,NA,NA,NA
Fraser River,Chilko,CHILKO RIVER NEAR REDSTONE,1990,145.08196715057872,WSC,NA,NA,NA,NA,NA
Fraser River,Chilko,CHILKO RIVER AT OUTLET OF CHILKO LAKE,1990,62.152240385774704,WSC,NA,NA,NA,NA,NA
Fraser River,Chilko,CHILKO RIVER NEAR REDSTONE,1991,218.70163934217777,WSC,NA,NA,NA,NA,NA
Fraser River,Chilko,CHILKO RIVER AT OUTLET OF CHILKO LAKE,1991,97.369398841441,WSC,NA,NA,NA,NA,NA
Fraser River,Chilko,CHILKO RIVER NEAR REDSTONE,1992,159.5125683956459,WSC,NA,NA,NA,NA,NA
Fraser River,Chilko,CHILKO RIVER AT OUTLET OF CHILKO LAKE,1992,74.52732244085092,WSC,NA,NA,NA,NA,NA
Fraser River,Chilko,CHILKO RIVER NEAR REDSTONE,1993,132.49726774392883,WSC,NA,NA,NA,NA,NA
Fraser River,Chilko,CHILKO RIVER AT OUTLET OF CHILKO LAKE,1993,58.48945348249759,WSC,NA,NA,NA,NA,NA
Fraser River,Chilko,CHILKO RIVER NEAR REDSTONE,1994,156.5655736662651,WSC,NA,NA,NA,NA,NA
Fraser River,Chilko,CHILKO RIVER AT OUTLET OF CHILKO LAKE,1994,71.1065574239512,WSC,NA,NA,NA,NA,NA
Fraser River,Chilko,CHILKO RIVER NEAR REDSTONE,1995,141.06830595360427,WSC,NA,NA,NA,NA,NA
Fraser River,Chilko,CHILKO RIVER AT OUTLET OF CHILKO LAKE,1995,68.1314753443817,WSC,NA,NA,NA,NA,NA
Fraser River,Chilko,CHILKO RIVER NEAR REDSTONE,1996,144.62568310179998,WSC,NA,NA,NA,NA,NA
Fraser River,Chilko,CHILKO RIVER AT OUTLET OF CHILKO LAKE,1996,69.56065575542345,WSC,NA,NA,NA,NA,NA
Fraser River,Chilko,CHILKO RIVER NEAR REDSTONE,1997,140.01420766799177,WSC,NA,NA,NA,NA,NA
Fraser River,Chilko,CHILKO RIVER AT OUTLET OF CHILKO LAKE,1997,68.78234967247384,WSC,NA,NA,NA,NA,NA
Fraser River,Chilko,CHILKO RIVER NEAR REDSTONE,1998,160.12131148479023,WSC,NA,NA,NA,NA,NA
Fraser River,Chilko,CHILKO RIVER AT OUTLET OF CHILKO LAKE,1998,81.05355183283488,WSC,NA,NA,NA,NA,NA
Fraser River,Chilko,CHILKO RIVER NEAR REDSTONE,1999,175.08142074209744,WSC,NA,NA,NA,NA,NA
Fraser River,Chilko,CHILKO RIVER AT OUTLET OF CHILKO LAKE,1999,86.53158468496603,WSC,NA,NA,NA,NA,NA
Fraser River,Chilko,CHILKO RIVER NEAR REDSTONE,2000,120.3934425760488,WSC,NA,NA,NA,NA,NA
Fraser River,Chilko,CHILKO RIVER AT OUTLET OF CHILKO LAKE,2000,58.283825092628355,WSC,NA,NA,NA,NA,NA
Fraser River,Chilko,CHILKO RIVER NEAR REDSTONE,2001,114.52677594898829,WSC,NA,NA,NA,NA,NA
Fraser River,Chilko,CHILKO RIVER AT OUTLET OF CHILKO LAKE,2001,53.29989079960057,WSC,NA,NA,NA,NA,NA
Fraser River,Chilko,CHILKO RIVER NEAR REDSTONE,2002,141.64207650273224,WSC,NA,NA,NA,NA,NA
Fraser River,Chilko,CHILKO RIVER AT OUTLET OF CHILKO LAKE,2002,64.73672121600376,WSC,NA,NA,NA,NA,NA
Fraser River,Chilko,CHILKO RIVER NEAR REDSTONE,2003,139.46612019356482,WSC,NA,NA,NA,NA,NA
Fraser River,Chilko,CHILKO RIVER AT OUTLET OF CHILKO LAKE,2003,68.25699439856524,WSC,NA,NA,NA,NA,NA
Fraser River,Chilko,CHILKO RIVER NEAR REDSTONE,2004,145.81311480204263,WSC,NA,NA,NA,NA,NA
Fraser River,Chilko,CHILKO RIVER AT OUTLET OF CHILKO LAKE,2004,70.8812022730301,WSC,NA,NA,NA,NA,NA
Fraser River,Chilko,CHILKO RIVER NEAR REDSTONE,2005,151.5158469507603,WSC,NA,NA,NA,NA,NA
Fraser River,Chilko,CHILKO RIVER AT OUTLET OF CHILKO LAKE,2005,72.39726784711327,WSC,NA,NA,NA,NA,NA
Fraser River,Chilko,CHILKO RIVER NEAR REDSTONE,2006,136.9355191246408,WSC,NA,NA,NA,NA,NA
Fraser River,Chilko,CHILKO RIVER AT OUTLET OF CHILKO LAKE,2006,64.80590171501285,WSC,NA,NA,NA,NA,NA
Fraser River,Chilko,CHILKO RIVER NEAR REDSTONE,2007,159.06830595360427,WSC,NA,NA,NA,NA,NA
Fraser River,Chilko,CHILKO RIVER AT OUTLET OF CHILKO LAKE,2007,79.60491803695595,WSC,NA,NA,NA,NA,NA
Fraser River,Chilko,CHILKO RIVER NEAR REDSTONE,2008,127.28142073897065,WSC,NA,NA,NA,NA,NA
Fraser River,Chilko,CHILKO RIVER AT OUTLET OF CHILKO LAKE,2008,59.12333317271999,WSC,NA,NA,NA,NA,NA
Fraser River,Chilko,CHILKO RIVER NEAR REDSTONE,2009,119.59327869727963,WSC,NA,NA,NA,NA,NA
Fraser River,Chilko,CHILKO RIVER AT OUTLET OF CHILKO LAKE,2009,55.91770493397947,WSC,NA,NA,NA,NA,NA
Fraser River,Chilko,CHILKO RIVER NEAR REDSTONE,2010,161.63278680811814,WSC,NA,NA,NA,NA,NA
Fraser River,Chilko,CHILKO RIVER AT OUTLET OF CHILKO LAKE,2010,73.90896178594704,WSC,NA,NA,NA,NA,NA
Fraser River,Chilko,CHILKO RIVER NEAR REDSTONE,2011,161.4453552173135,WSC,NA,NA,NA,NA,NA
Fraser River,Chilko,CHILKO RIVER AT OUTLET OF CHILKO LAKE,2011,78.45879780399343,WSC,NA,NA,NA,NA,NA
Fraser River,Chilko,CHILKO RIVER NEAR REDSTONE,2012,162.84808734205902,WSC,NA,NA,NA,NA,NA
Fraser River,Chilko,CHILKO RIVER AT OUTLET OF CHILKO LAKE,2012,75.5508196575394,WSC,NA,NA,NA,NA,NA
Fraser River,Chilko,CHILKO RIVER NEAR REDSTONE,2013,151.1551913224934,WSC,NA,NA,NA,NA,NA
Fraser River,Chilko,CHILKO RIVER AT OUTLET OF CHILKO LAKE,2013,67.05530061617576,WSC,NA,NA,NA,NA,NA
Fraser River,Chilko,CHILKO RIVER NEAR REDSTONE,2014,125.72513661619092,WSC,NA,NA,NA,NA,NA
Fraser River,Chilko,CHILKO RIVER AT OUTLET OF CHILKO LAKE,2014,56.85978152452271,WSC,NA,NA,NA,NA,NA
Fraser River,Chilko,CHILKO RIVER NEAR REDSTONE,2015,159.2497268009707,WSC,NA,NA,NA,NA,NA
Fraser River,Chilko,CHILKO RIVER AT OUTLET OF CHILKO LAKE,2015,74.85300539360672,WSC,NA,NA,NA,NA,NA
Fraser River,Chilko,CHILKO RIVER NEAR REDSTONE,2016,153.62021855838964,WSC,NA,NA,NA,NA,NA
Fraser River,Chilko,CHILKO RIVER AT OUTLET OF CHILKO LAKE,2016,72.44316932803295,WSC,NA,NA,NA,NA,NA
Fraser River,Chilko,CHILKO RIVER NEAR REDSTONE,2017,133.93169406202972,WSC,NA,NA,NA,NA,NA
Fraser River,Chilko,CHILKO RIVER AT OUTLET OF CHILKO LAKE,2017,60.47535507275107,WSC,NA,NA,NA,NA,NA
Fraser River,Chilko,CHILKO RIVER NEAR REDSTONE,2018,143.32841521403827,WSC,NA,NA,NA,NA,NA
Fraser River,Chilko,CHILKO RIVER AT OUTLET OF CHILKO LAKE,2018,66.71207645551755,WSC,NA,NA,NA,NA,NA
Fraser River,Chilko,CHILKO RIVER NEAR REDSTONE,2019,151.66666667708932,WSC,NA,NA,NA,NA,NA
Fraser River,Chilko,CHILKO RIVER AT OUTLET OF CHILKO LAKE,2019,68.08508177012042,WSC,NA,NA,NA,NA,NA
Fraser River,Chilko,CHILKO RIVER NEAR REDSTONE,2020,130.70054638450915,WSC,NA,NA,NA,NA,NA
Fraser River,Chilko,CHILKO RIVER AT OUTLET OF CHILKO LAKE,2020,65.96918037289478,WSC,NA,NA,NA,NA,NA
Fraser River,Chilko,CHILKO RIVER NEAR REDSTONE,2021,154.25081965962394,WSC,NA,NA,NA,NA,NA
Fraser River,Chilko,CHILKO RIVER AT OUTLET OF CHILKO LAKE,2021,71.69207650585903,WSC,NA,NA,NA,NA,NA
Fraser River,Chilko,CHILKO RIVER NEAR REDSTONE,2022,161.74972684266137,WSC,NA,NA,NA,NA,NA
Fraser River,Chilko,CHILKO RIVER AT OUTLET OF CHILKO LAKE,2022,73.67863396608112,WSC,NA,NA,NA,NA,NA
Fraser River,Chilko,CHILKO RIVER NEAR REDSTONE,2023,130.46065575959253,WSC,NA,NA,NA,NA,NA
Fraser River,Chilko,CHILKO RIVER AT OUTLET OF CHILKO LAKE,2023,63.08601092510536,WSC,NA,NA,NA,NA,NA
Fraser River,Chilko,CHILKO RIVER NEAR REDSTONE,2024,118.38633885409662,WSC,NA,NA,NA,NA,NA
Fraser River,Chilko,CHILKO RIVER AT OUTLET OF CHILKO LAKE,2024,53.50819671610014,WSC,NA,NA,NA,NA,NA
Fraser River,Quesnel,NARCOSLI CREEK NEAR QUESNEL,1947,2.4139754319044413,WSC,NA,NA,NA,NA,NA
Fraser River,Quesnel,QUESNEL RIVER AT LIKELY,1947,188.61038252825293,WSC,NA,NA,NA,NA,NA
Fraser River,Quesnel,QUESNEL RIVER NEAR QUESNEL,1947,343.7562840571169,WSC,NA,NA,NA,NA,NA
Fraser River,Quesnel,NARCOSLI CREEK NEAR QUESNEL,1948,8.131217376045557,WSC,NA,NA,NA,NA,NA
Fraser River,Quesnel,QUESNEL RIVER AT LIKELY,1948,219.5803278521762,WSC,NA,NA,NA,NA,NA
Fraser River,Quesnel,QUESNEL RIVER NEAR QUESNEL,1948,439.2825136862166,WSC,NA,NA,NA,NA,NA
Fraser River,Quesnel,NARCOSLI CREEK NEAR QUESNEL,1949,6.306480898883174,WSC,NA,NA,NA,NA,NA
Fraser River,Quesnel,QUESNEL RIVER AT LIKELY,1949,193.7163934342848,WSC,NA,NA,NA,NA,NA
Fraser River,Quesnel,QUESNEL RIVER NEAR QUESNEL,1949,352.6885245901639,WSC,NA,NA,NA,NA,NA
Fraser River,Quesnel,NARCOSLI CREEK NEAR QUESNEL,1950,4.923395487379892,WSC,NA,NA,NA,NA,NA
Fraser River,Quesnel,QUESNEL RIVER AT LIKELY,1950,175.39508192135335,WSC,NA,NA,NA,NA,NA
Fraser River,Quesnel,QUESNEL RIVER NEAR QUESNEL,1950,333.51038250115397,WSC,NA,NA,NA,NA,NA
Fraser River,Quesnel,NARCOSLI CREEK NEAR QUESNEL,1951,3.2737650377828573,WSC,NA,NA,NA,NA,NA
Fraser River,Quesnel,QUESNEL RIVER AT LIKELY,1951,138.62513671416403,WSC,NA,NA,NA,NA,NA
Fraser River,Quesnel,QUESNEL RIVER NEAR QUESNEL,1951,291.4830601593184,WSC,NA,NA,NA,NA,NA
Fraser River,Quesnel,QUESNEL RIVER AT LIKELY,1952,179.81857931418497,WSC,NA,NA,NA,NA,NA
Fraser River,Quesnel,QUESNEL RIVER NEAR QUESNEL,1952,348.89453554414007,WSC,NA,NA,NA,NA,NA
Fraser River,Quesnel,QUESNEL RIVER AT LIKELY,1953,166.838797835053,WSC,NA,NA,NA,NA,NA
Fraser River,Quesnel,QUESNEL RIVER NEAR QUESNEL,1953,317.4032787885822,WSC,NA,NA,NA,NA,NA
Fraser River,Quesnel,QUESNEL RIVER AT LIKELY,1954,202.40601094563803,WSC,NA,NA,NA,NA,NA
Fraser River,Quesnel,QUESNEL RIVER NEAR QUESNEL,1954,363.44426220753155,WSC,NA,NA,NA,NA,NA
Fraser River,Quesnel,QUESNEL RIVER AT LIKELY,1955,214.25081964920128,WSC,NA,NA,NA,NA,NA
Fraser River,Quesnel,QUESNEL RIVER NEAR QUESNEL,1955,416.36557382052064,WSC,NA,NA,NA,NA,NA
Fraser River,Quesnel,QUESNEL RIVER AT LIKELY,1956,187.16174874019103,WSC,NA,NA,NA,NA,NA
Fraser River,Quesnel,QUESNEL RIVER NEAR QUESNEL,1956,355.7792349643395,WSC,NA,NA,NA,NA,NA
Fraser River,Quesnel,QUESNEL RIVER AT LIKELY,1957,221.38306006968347,WSC,NA,NA,NA,NA,NA
Fraser River,Quesnel,QUESNEL RIVER NEAR QUESNEL,1957,393.1710382263517,WSC,NA,NA,NA,NA,NA
Fraser River,Quesnel,QUESNEL RIVER AT LIKELY,1958,183.6240436366347,WSC,NA,NA,NA,NA,NA
Fraser River,Quesnel,QUESNEL RIVER NEAR QUESNEL,1958,320.36120217745423,WSC,NA,NA,NA,NA,NA
Fraser River,Quesnel,QUESNEL RIVER AT LIKELY,1959,194.63770485966583,WSC,NA,NA,NA,NA,NA
Fraser River,Quesnel,QUESNEL RIVER NEAR QUESNEL,1959,344.32513659117654,WSC,NA,NA,NA,NA,NA
Fraser River,Quesnel,QUESNEL RIVER AT LIKELY,1960,231.92786888998063,WSC,NA,NA,NA,NA,NA
Fraser River,Quesnel,QUESNEL RIVER NEAR QUESNEL,1960,400.7103825136612,WSC,NA,NA,NA,NA,NA
Fraser River,Quesnel,QUESNEL RIVER AT LIKELY,1961,174.553005593722,WSC,NA,NA,NA,NA,NA
Fraser River,Quesnel,QUESNEL RIVER NEAR QUESNEL,1961,307.08743169398906,WSC,NA,NA,NA,NA,NA
Fraser River,Quesnel,QUESNEL RIVER AT LIKELY,1962,242.6754098694181,WSC,NA,NA,NA,NA,NA
Fraser River,Quesnel,QUESNEL RIVER NEAR QUESNEL,1962,422.6431694239215,WSC,NA,NA,NA,NA,NA
Fraser River,Quesnel,BAKER CREEK AT QUESNEL,1963,2.4930864086857545,WSC,NA,NA,NA,NA,NA
Fraser River,Quesnel,QUESNEL RIVER AT LIKELY,1963,210.9863387978142,WSC,NA,NA,NA,NA,NA
Fraser River,Quesnel,QUESNEL RIVER NEAR QUESNEL,1963,365.10382513661204,WSC,NA,NA,NA,NA,NA
Fraser River,Quesnel,BARLOW CREEK NEAR QUESNEL,1963,0.08986060606936618,WSC,NA,NA,NA,NA,NA
Fraser River,Quesnel,BAKER CREEK AT QUESNEL,1964,11.834207647485158,WSC,NA,NA,NA,NA,NA
Fraser River,Quesnel,QUESNEL RIVER AT LIKELY,1964,242.10273230922678,WSC,NA,NA,NA,NA,NA
Fraser River,Quesnel,QUESNEL RIVER NEAR QUESNEL,1964,412.1327870061489,WSC,NA,NA,NA,NA,NA
Fraser River,Quesnel,BARLOW CREEK NEAR QUESNEL,1964,0.8344972716654581,WSC,NA,NA,NA,NA,NA
Fraser River,Quesnel,BAKER CREEK AT QUESNEL,1965,11.79393443058097,WSC,NA,NA,NA,NA,NA
Fraser River,Quesnel,QUESNEL RIVER AT LIKELY,1965,215.80546455174849,WSC,NA,NA,NA,NA,NA
Fraser River,Quesnel,QUESNEL RIVER NEAR QUESNEL,1965,378.74535524128567,WSC,NA,NA,NA,NA,NA
Fraser River,Quesnel,BARLOW CREEK NEAR QUESNEL,1965,0.5332896194212096,WSC,NA,NA,NA,NA,NA
Fraser River,Quesnel,BAKER CREEK AT QUESNEL,1966,10.072174874485517,WSC,NA,NA,NA,NA,NA
Fraser River,Quesnel,QUESNEL RIVER AT LIKELY,1966,220.7945355691545,WSC,NA,NA,NA,NA,NA
Fraser River,Quesnel,QUESNEL RIVER NEAR QUESNEL,1966,379.4863387978142,WSC,NA,NA,NA,NA,NA
Fraser River,Quesnel,BARLOW CREEK NEAR QUESNEL,1966,0.39590710700779663,WSC,NA,NA,NA,NA,NA
Fraser River,Quesnel,BAKER CREEK AT QUESNEL,1967,10.32692345984972,WSC,NA,NA,NA,NA,NA
Fraser River,Quesnel,KERSLEY CREEK NEAR QUESNEL,1967,0.1345923570886397,WSC,NA,NA,NA,NA,NA
Fraser River,Quesnel,QUESNEL RIVER AT LIKELY,1967,229.057377090871,WSC,NA,NA,NA,NA,NA
Fraser River,Quesnel,QUESNEL RIVER NEAR QUESNEL,1967,409.578142093179,WSC,NA,NA,NA,NA,NA
Fraser River,Quesnel,BARLOW CREEK NEAR QUESNEL,1967,0.5033169387447864,WSC,NA,NA,NA,NA,NA
Fraser River,Quesnel,BAKER CREEK AT QUESNEL,1968,9.067377025312412,WSC,NA,NA,NA,NA,NA
Fraser River,Quesnel,QUESNEL RIVER AT LIKELY,1968,241.77431688152376,WSC,NA,NA,NA,NA,NA
Fraser River,Quesnel,QUESNEL RIVER NEAR QUESNEL,1968,424.879781420765,WSC,NA,NA,NA,NA,NA
Fraser River,Quesnel,BARLOW CREEK NEAR QUESNEL,1968,0.18392349801489402,WSC,NA,NA,NA,NA,NA
Fraser River,Quesnel,BAKER CREEK AT QUESNEL,1969,6.5079125615417,WSC,NA,NA,NA,NA,NA
Fraser River,Quesnel,QUESNEL RIVER AT LIKELY,1969,193.42459025148486,WSC,NA,NA,NA,NA,NA
Fraser River,Quesnel,QUESNEL RIVER NEAR QUESNEL,1969,340.4814207566892,WSC,NA,NA,NA,NA,NA
Fraser River,Quesnel,BARLOW CREEK NEAR QUESNEL,1969,0.3908579227377157,WSC,NA,NA,NA,NA,NA
Fraser River,Quesnel,BAKER CREEK AT QUESNEL,1970,4.396289619428864,WSC,NA,NA,NA,NA,NA
Fraser River,Quesnel,KERSLEY CREEK NEAR QUESNEL,1970,0.07224590199442243,WSC,NA,NA,NA,NA,NA
Fraser River,Quesnel,QUESNEL RIVER AT LIKELY,1970,162.60273225711342,WSC,NA,NA,NA,NA,NA
Fraser River,Quesnel,QUESNEL RIVER NEAR QUESNEL,1970,304.20327873438436,WSC,NA,NA,NA,NA,NA
Fraser River,Quesnel,BARLOW CREEK NEAR QUESNEL,1970,0.23894535472280667,WSC,NA,NA,NA,NA,NA
Fraser River,Quesnel,BAKER CREEK AT QUESNEL,1971,9.064437212514097,WSC,NA,NA,NA,NA,NA
Fraser River,Quesnel,KERSLEY CREEK NEAR QUESNEL,1971,0.2113060118602538,WSC,NA,NA,NA,NA,NA
Fraser River,Quesnel,QUESNEL RIVER AT LIKELY,1971,218.90655737496465,WSC,NA,NA,NA,NA,NA
Fraser River,Quesnel,QUESNEL RIVER NEAR QUESNEL,1971,378.59071049924756,WSC,NA,NA,NA,NA,NA
Fraser River,Quesnel,BARLOW CREEK NEAR QUESNEL,1971,0.5261092905891561,WSC,NA,NA,NA,NA,NA
Fraser River,Quesnel,BAKER CREEK AT QUESNEL,1972,9.284005477780203,WSC,NA,NA,NA,NA,NA
Fraser River,Quesnel,KERSLEY CREEK NEAR QUESNEL,1972,0.16437988837025855,WSC,NA,NA,NA,NA,NA
Fraser River,Quesnel,QUESNEL RIVER AT LIKELY,1972,259.4754099611376,WSC,NA,NA,NA,NA,NA
Fraser River,Quesnel,QUESNEL RIVER NEAR QUESNEL,1972,460.3825136612022,WSC,NA,NA,NA,NA,NA
Fraser River,Quesnel,BARLOW CREEK NEAR QUESNEL,1972,0.3635737701558351,WSC,NA,NA,NA,NA,NA
Fraser River,Quesnel,BAKER CREEK AT QUESNEL,1973,8.322437114077188,WSC,NA,NA,NA,NA,NA
Fraser River,Quesnel,KERSLEY CREEK NEAR QUESNEL,1973,0.16285245934923698,WSC,NA,NA,NA,NA,NA
Fraser River,Quesnel,QUESNEL RIVER AT LIKELY,1973,188.95628418427347,WSC,NA,NA,NA,NA,NA
Fraser River,Quesnel,QUESNEL RIVER NEAR QUESNEL,1973,334.8655737996753,WSC,NA,NA,NA,NA,NA
Fraser River,Quesnel,BARLOW CREEK NEAR QUESNEL,1973,0.347672133719233,WSC,NA,NA,NA,NA,NA
Fraser River,Quesnel,BAKER CREEK AT QUESNEL,1974,11.265710395053437,WSC,NA,NA,NA,NA,NA
Fraser River,Quesnel,QUESNEL RIVER AT LIKELY,1974,239.92950823007385,WSC,NA,NA,NA,NA,NA
Fraser River,Quesnel,QUESNEL RIVER NEAR QUESNEL,1974,419.0923497351141,WSC,NA,NA,NA,NA,NA
Fraser River,Quesnel,BARLOW CREEK NEAR QUESNEL,1974,0.7024754114052066,WSC,NA,NA,NA,NA,NA
Fraser River,Quesnel,BAKER CREEK AT QUESNEL,1975,6.548617461991441,WSC,NA,NA,NA,NA,NA
Fraser River,Quesnel,QUESNEL RIVER AT LIKELY,1975,200.67049180744775,WSC,NA,NA,NA,NA,NA
Fraser River,Quesnel,QUESNEL RIVER NEAR QUESNEL,1975,367.2240437575377,WSC,NA,NA,NA,NA,NA
Fraser River,Quesnel,BAKER CREEK AT QUESNEL,1976,16.057978123915,WSC,NA,NA,NA,NA,NA
Fraser River,Quesnel,QUESNEL RIVER AT LIKELY,1976,280.2688525048761,WSC,NA,NA,NA,NA,NA
Fraser River,Quesnel,QUESNEL RIVER NEAR QUESNEL,1976,505.6912568306011,WSC,NA,NA,NA,NA,NA
Fraser River,Quesnel,BAKER CREEK AT QUESNEL,1977,9.315409882472514,WSC,NA,NA,NA,NA,NA
Fraser River,Quesnel,QUESNEL RIVER AT LIKELY,1977,198.4158469445067,WSC,NA,NA,NA,NA,NA
Fraser River,Quesnel,QUESNEL RIVER NEAR QUESNEL,1977,373.3732240187014,WSC,NA,NA,NA,NA,NA
Fraser River,Quesnel,BAKER CREEK AT QUESNEL,1978,9.417923464475436,WSC,NA,NA,NA,NA,NA
Fraser River,Quesnel,QUESNEL RIVER AT LIKELY,1978,178.06065577105747,WSC,NA,NA,NA,NA,NA
Fraser River,Quesnel,QUESNEL RIVER NEAR QUESNEL,1978,308.6043715763613,WSC,NA,NA,NA,NA,NA
Fraser River,Quesnel,BAKER CREEK AT QUESNEL,1979,7.057939917134131,WSC,NA,NA,NA,NA,NA
Fraser River,Quesnel,QUESNEL RIVER AT LIKELY,1979,176.10546451839593,WSC,NA,NA,NA,NA,NA
Fraser River,Quesnel,QUESNEL RIVER NEAR QUESNEL,1979,333.81584694867576,WSC,NA,NA,NA,NA,NA
Fraser River,Quesnel,BAKER CREEK AT QUESNEL,1980,5.355737703094065,WSC,NA,NA,NA,NA,NA
Fraser River,Quesnel,QUESNEL RIVER AT LIKELY,1980,192.520765033576,WSC,NA,NA,NA,NA,NA
Fraser River,Quesnel,QUESNEL RIVER NEAR QUESNEL,1980,329.27540980271306,WSC,NA,NA,NA,NA,NA
Fraser River,Quesnel,BAKER CREEK AT QUESNEL,1981,6.502551913912829,WSC,NA,NA,NA,NA,NA
Fraser River,Quesnel,QUESNEL RIVER AT LIKELY,1981,186.64207631512417,WSC,NA,NA,NA,NA,NA
Fraser River,Quesnel,QUESNEL RIVER NEAR QUESNEL,1981,324.1967213114754,WSC,NA,NA,NA,NA,NA
Fraser River,Quesnel,BAKER CREEK AT QUESNEL,1982,11.562677502957849,WSC,NA,NA,NA,NA,NA
Fraser River,Quesnel,QUESNEL RIVER AT LIKELY,1982,273.39617481127465,WSC,NA,NA,NA,NA,NA
Fraser River,Quesnel,QUESNEL RIVER NEAR QUESNEL,1982,511.0185792433108,WSC,NA,NA,NA,NA,NA
Fraser River,Quesnel,BAKER CREEK AT QUESNEL,1983,4.70382514156279,WSC,NA,NA,NA,NA,NA
Fraser River,Quesnel,QUESNEL RIVER AT LIKELY,1983,177.58852465686903,WSC,NA,NA,NA,NA,NA
Fraser River,Quesnel,QUESNEL RIVER NEAR QUESNEL,1983,308.0382512827389,WSC,NA,NA,NA,NA,NA
Fraser River,Quesnel,BAKER CREEK AT QUESNEL,1984,4.745546434746414,WSC,NA,NA,NA,NA,NA
Fraser River,Quesnel,QUESNEL RIVER AT LIKELY,1984,215.63879796846317,WSC,NA,NA,NA,NA,NA
Fraser River,Quesnel,QUESNEL RIVER NEAR QUESNEL,1984,377.0601092896175,WSC,NA,NA,NA,NA,NA
Fraser River,Quesnel,BAKER CREEK AT QUESNEL,1985,9.398677561208197,WSC,NA,NA,NA,NA,NA
Fraser River,Quesnel,QUESNEL RIVER AT LIKELY,1985,217.1398906916217,WSC,NA,NA,NA,NA,NA
Fraser River,Quesnel,QUESNEL RIVER NEAR QUESNEL,1985,393.7770492261876,WSC,NA,NA,NA,NA,NA
Fraser River,Quesnel,BAKER CREEK AT QUESNEL,1986,5.0835901813103215,WSC,NA,NA,NA,NA,NA
Fraser River,Quesnel,QUESNEL RIVER AT LIKELY,1986,203.91857916409853,WSC,NA,NA,NA,NA,NA
Fraser River,Quesnel,QUESNEL RIVER NEAR QUESNEL,1986,366.7431693989071,WSC,NA,NA,NA,NA,NA
Fraser River,Quesnel,BAKER CREEK AT QUESNEL,1987,3.500480889785485,WSC,NA,NA,NA,NA,NA
Fraser River,Quesnel,QUESNEL RIVER AT LIKELY,1987,159.6786885079139,WSC,NA,NA,NA,NA,NA
Fraser River,Quesnel,QUESNEL RIVER NEAR QUESNEL,1987,308.55737704918033,WSC,NA,NA,NA,NA,NA
Fraser River,Quesnel,BAKER CREEK AT QUESNEL,1988,1.8730928922692933,WSC,NA,NA,NA,NA,NA
Fraser River,Quesnel,QUESNEL RIVER AT LIKELY,1988,192.2939891294052,WSC,NA,NA,NA,NA,NA
Fraser River,Quesnel,QUESNEL RIVER NEAR QUESNEL,1988,362.8267760146511,WSC,NA,NA,NA,NA,NA
Fraser River,Quesnel,BAKER CREEK AT QUESNEL,1989,2.5610765091708454,WSC,NA,NA,NA,NA,NA
Fraser River,Quesnel,QUESNEL RIVER AT LIKELY,1989,173.81256825806665,WSC,NA,NA,NA,NA,NA
Fraser River,Quesnel,QUESNEL RIVER NEAR QUESNEL,1989,332.61038255952093,WSC,NA,NA,NA,NA,NA
Fraser River,Quesnel,BAKER CREEK AT QUESNEL,1990,11.091978164155627,WSC,NA,NA,NA,NA,NA
Fraser River,Quesnel,QUESNEL RIVER AT LIKELY,1990,239.15628418635802,WSC,NA,NA,NA,NA,NA
Fraser River,Quesnel,QUESNEL RIVER NEAR QUESNEL,1990,434.46994535519127,WSC,NA,NA,NA,NA,NA
Fraser River,Quesnel,BAKER CREEK AT QUESNEL,1991,12.881732222486715,WSC,NA,NA,NA,NA,NA
Fraser River,Quesnel,QUESNEL RIVER AT LIKELY,1991,213.42404377004488,WSC,NA,NA,NA,NA,NA
Fraser River,Quesnel,QUESNEL RIVER NEAR QUESNEL,1991,396.5327869269366,WSC,NA,NA,NA,NA,NA
Fraser River,Quesnel,BAKER CREEK AT QUESNEL,1992,5.486579236599918,WSC,NA,NA,NA,NA,NA
Fraser River,Quesnel,QUESNEL RIVER AT LIKELY,1992,167.34590161432985,WSC,NA,NA,NA,NA,NA
Fraser River,Quesnel,QUESNEL RIVER NEAR QUESNEL,1992,317.41530054644807,WSC,NA,NA,NA,NA,NA
Fraser River,Quesnel,BAKER CREEK AT QUESNEL,1993,7.40871582607754,WSC,NA,NA,NA,NA,NA
Fraser River,Quesnel,QUESNEL RIVER AT LIKELY,1993,176.5683060317743,WSC,NA,NA,NA,NA,NA
Fraser River,Quesnel,QUESNEL RIVER NEAR QUESNEL,1993,330.60765029823847,WSC,NA,NA,NA,NA,NA
Fraser River,Quesnel,BAKER CREEK AT QUESNEL,1994,6.831092896845821,WSC,NA,NA,NA,NA,NA
Fraser River,Quesnel,QUESNEL RIVER AT LIKELY,1994,223.20218583404042,WSC,NA,NA,NA,NA,NA
Fraser River,Quesnel,QUESNEL RIVER NEAR QUESNEL,1994,415.69945355191254,WSC,NA,NA,NA,NA,NA
Fraser River,Quesnel,BAKER CREEK AT QUESNEL,1995,4.789666677758994,WSC,NA,NA,NA,NA,NA
Fraser River,Quesnel,QUESNEL RIVER AT LIKELY,1995,187.32568311430717,WSC,NA,NA,NA,NA,NA
Fraser River,Quesnel,QUESNEL RIVER NEAR QUESNEL,1995,342.1590163851045,WSC,NA,NA,NA,NA,NA
Fraser River,Quesnel,BAKER CREEK AT QUESNEL,1996,10.584546408366636,WSC,NA,NA,NA,NA,NA
Fraser River,Quesnel,QUESNEL RIVER AT LIKELY,1996,209.9704918157859,WSC,NA,NA,NA,NA,NA
Fraser River,Quesnel,QUESNEL RIVER NEAR QUESNEL,1996,386.20874319441333,WSC,NA,NA,NA,NA,NA
Fraser River,Quesnel,BAKER CREEK AT QUESNEL,1997,12.093868831793467,WSC,NA,NA,NA,NA,NA
Fraser River,Quesnel,QUESNEL RIVER AT LIKELY,1997,260.54316936555455,WSC,NA,NA,NA,NA,NA
Fraser River,Quesnel,QUESNEL RIVER NEAR QUESNEL,1997,469.7103825136612,WSC,NA,NA,NA,NA,NA
Fraser River,Quesnel,BAKER CREEK AT QUESNEL,1998,4.403316942883319,WSC,NA,NA,NA,NA,NA
Fraser River,Quesnel,QUESNEL RIVER AT LIKELY,1998,159.39562850702004,WSC,NA,NA,NA,NA,NA
Fraser River,Quesnel,QUESNEL RIVER NEAR QUESNEL,1998,294.943169390569,WSC,NA,NA,NA,NA,NA
Fraser River,Quesnel,BAKER CREEK AT QUESNEL,1999,14.002251326060685,WSC,NA,NA,NA,NA,NA
Fraser River,Quesnel,QUESNEL RIVER AT LIKELY,1999,291.2693989237801,WSC,NA,NA,NA,NA,NA
Fraser River,Quesnel,QUESNEL RIVER NEAR QUESNEL,1999,513.3355190923305,WSC,NA,NA,NA,NA,NA
Fraser River,Quesnel,BAKER CREEK AT QUESNEL,2000,11.740655767461641,WSC,NA,NA,NA,NA,NA
Fraser River,Quesnel,QUESNEL RIVER AT LIKELY,2000,211.76174870475393,WSC,NA,NA,NA,NA,NA
Fraser River,Quesnel,QUESNEL RIVER NEAR QUESNEL,2000,433.89508190050805,WSC,NA,NA,NA,NA,NA
Fraser River,Quesnel,BAKER CREEK AT QUESNEL,2001,6.7896776215626256,WSC,NA,NA,NA,NA,NA
Fraser River,Quesnel,QUESNEL RIVER AT LIKELY,2001,195.4726776060511,WSC,NA,NA,NA,NA,NA
Fraser River,Quesnel,QUESNEL RIVER NEAR QUESNEL,2001,403.43060106788175,WSC,NA,NA,NA,NA,NA
Fraser River,Quesnel,BAKER CREEK AT QUESNEL,2002,9.523781474985062,WSC,NA,NA,NA,NA,NA
Fraser River,Quesnel,QUESNEL RIVER AT LIKELY,2002,219.79836064739956,WSC,NA,NA,NA,NA,NA
Fraser River,Quesnel,QUESNEL RIVER NEAR QUESNEL,2002,430.1000000375216,WSC,NA,NA,NA,NA,NA
Fraser River,Quesnel,BAKER CREEK AT QUESNEL,2003,2.815775948144047,WSC,NA,NA,NA,NA,NA
Fraser River,Quesnel,QUESNEL RIVER AT LIKELY,2003,128.7480873879188,WSC,NA,NA,NA,NA,NA
Fraser River,Quesnel,QUESNEL RIVER NEAR QUESNEL,2003,266.0890709715463,WSC,NA,NA,NA,NA,NA
Fraser River,Quesnel,BAKER CREEK AT QUESNEL,2004,9.936726752200412,WSC,NA,NA,NA,NA,NA
Fraser River,Quesnel,QUESNEL RIVER AT LIKELY,2004,187.6732241208436,WSC,NA,NA,NA,NA,NA
Fraser River,Quesnel,QUESNEL RIVER NEAR QUESNEL,2004,370.25792352228217,WSC,NA,NA,NA,NA,NA
Fraser River,Quesnel,HORSEFLY RIVER ABOVE QUESNEL LAKE,2004,47.55217394621476,WSC,NA,NA,NA,NA,NA
Fraser River,Quesnel,BAKER CREEK AT QUESNEL,2005,9.310555511050755,WSC,NA,NA,NA,NA,NA
Fraser River,Quesnel,QUESNEL RIVER AT LIKELY,2005,213.33879785589832,WSC,NA,NA,NA,NA,NA
Fraser River,Quesnel,QUESNEL RIVER NEAR QUESNEL,2005,384.9344262295082,WSC,NA,NA,NA,NA,NA
Fraser River,Quesnel,HORSEFLY RIVER ABOVE QUESNEL LAKE,2005,54.938961831598334,WSC,NA,NA,NA,NA,NA
Fraser River,Quesnel,BAKER CREEK AT QUESNEL,2006,5.819005475669612,WSC,NA,NA,NA,NA,NA
Fraser River,Quesnel,QUESNEL RIVER AT LIKELY,2006,159.06174868182407,WSC,NA,NA,NA,NA,NA
Fraser River,Quesnel,QUESNEL RIVER NEAR QUESNEL,2006,299.78579232471236,WSC,NA,NA,NA,NA,NA
Fraser River,Quesnel,HORSEFLY RIVER ABOVE QUESNEL LAKE,2006,38.61131137055777,WSC,NA,NA,NA,NA,NA
Fraser River,Quesnel,BAKER CREEK AT QUESNEL,2007,15.630983585868377,WSC,NA,NA,NA,NA,NA
Fraser River,Quesnel,QUESNEL RIVER AT LIKELY,2007,193.11475409836066,WSC,NA,NA,NA,NA,NA
Fraser River,Quesnel,QUESNEL RIVER NEAR QUESNEL,2007,369,WSC,NA,NA,NA,NA,NA
Fraser River,Quesnel,BAKER CREEK AT QUESNEL,2008,14.551366110968463,WSC,NA,NA,NA,NA,NA
Fraser River,Quesnel,QUESNEL RIVER AT LIKELY,2008,208.96994539688194,WSC,NA,NA,NA,NA,NA
Fraser River,Quesnel,QUESNEL RIVER NEAR QUESNEL,2008,385.35081957207353,WSC,NA,NA,NA,NA,NA
Fraser River,Quesnel,HORSEFLY RIVER ABOVE QUESNEL LAKE,2008,75.71451600905388,WSC,NA,NA,NA,NA,NA
Fraser River,Quesnel,BAKER CREEK AT QUESNEL,2009,14.147180263461964,WSC,NA,NA,NA,NA,NA
Fraser River,Quesnel,QUESNEL RIVER AT LIKELY,2009,195.2978142597636,WSC,NA,NA,NA,NA,NA
Fraser River,Quesnel,QUESNEL RIVER NEAR QUESNEL,2009,361.45355197510435,WSC,NA,NA,NA,NA,NA
Fraser River,Quesnel,HORSEFLY RIVER ABOVE QUESNEL LAKE,2009,54.076229496731784,WSC,NA,NA,NA,NA,NA
Fraser River,Quesnel,BAKER CREEK AT QUESNEL,2010,4.555530073701359,WSC,NA,NA,NA,NA,NA
Fraser River,Quesnel,QUESNEL RIVER AT LIKELY,2010,140.7393442998167,WSC,NA,NA,NA,NA,NA
Fraser River,Quesnel,QUESNEL RIVER NEAR QUESNEL,2010,249.8497267342656,WSC,NA,NA,NA,NA,NA
Fraser River,Quesnel,HORSEFLY RIVER ABOVE QUESNEL LAKE,2010,36.26622954092391,WSC,NA,NA,NA,NA,NA
Fraser River,Quesnel,BAKER CREEK AT QUESNEL,2011,16.140152985932396,WSC,NA,NA,NA,NA,NA
Fraser River,Quesnel,QUESNEL RIVER AT LIKELY,2011,257.08251364244137,WSC,NA,NA,NA,NA,NA
Fraser River,Quesnel,QUESNEL RIVER NEAR QUESNEL,2011,471.6153006214913,WSC,NA,NA,NA,NA,NA
Fraser River,Quesnel,HORSEFLY RIVER ABOVE QUESNEL LAKE,2011,74.74371577612038,WSC,NA,NA,NA,NA,NA
Fraser River,Quesnel,BAKER CREEK AT QUESNEL,2012,9.863245930502323,WSC,NA,NA,NA,NA,NA
Fraser River,Quesnel,QUESNEL RIVER AT LIKELY,2012,244.45464482333492,WSC,NA,NA,NA,NA,NA
Fraser River,Quesnel,QUESNEL RIVER NEAR QUESNEL,2012,447.1945354899422,WSC,NA,NA,NA,NA,NA
Fraser River,Quesnel,HORSEFLY RIVER ABOVE QUESNEL LAKE,2012,51.31622949193736,WSC,NA,NA,NA,NA,NA
Fraser River,Quesnel,BAKER CREEK AT QUESNEL,2013,11.704224021056962,WSC,NA,NA,NA,NA,NA
Fraser River,Quesnel,QUESNEL RIVER AT LIKELY,2013,223.75792350143684,WSC,NA,NA,NA,NA,NA
Fraser River,Quesnel,QUESNEL RIVER NEAR QUESNEL,2013,392.0540983689939,WSC,NA,NA,NA,NA,NA
Fraser River,Quesnel,HORSEFLY RIVER ABOVE QUESNEL LAKE,2013,56.14644817706665,WSC,NA,NA,NA,NA,NA
Fraser River,Quesnel,BAKER CREEK AT QUESNEL,2014,13.76067215562518,WSC,NA,NA,NA,NA,NA
Fraser River,Quesnel,QUESNEL RIVER AT LIKELY,2014,231.84262304879277,WSC,NA,NA,NA,NA,NA
Fraser River,Quesnel,QUESNEL RIVER NEAR QUESNEL,2014,431.21311475409834,WSC,NA,NA,NA,NA,NA
Fraser River,Quesnel,HORSEFLY RIVER ABOVE QUESNEL LAKE,2014,67.92486337755547,WSC,NA,NA,NA,NA,NA
Fraser River,Quesnel,BAKER CREEK AT QUESNEL,2015,6.850797832663595,WSC,NA,NA,NA,NA,NA
Fraser River,Quesnel,QUESNEL RIVER AT LIKELY,2015,175.60109293786553,WSC,NA,NA,NA,NA,NA
Fraser River,Quesnel,QUESNEL RIVER NEAR QUESNEL,2015,322.0109289617486,WSC,NA,NA,NA,NA,NA
Fraser River,Quesnel,HORSEFLY RIVER ABOVE QUESNEL LAKE,2015,38.214207672681965,WSC,NA,NA,NA,NA,NA
Fraser River,Quesnel,BAKER CREEK AT QUESNEL,2016,7.4712021930621635,WSC,NA,NA,NA,NA,NA
Fraser River,Quesnel,QUESNEL RIVER AT LIKELY,2016,199.8803278605143,WSC,NA,NA,NA,NA,NA
Fraser River,Quesnel,QUESNEL RIVER NEAR QUESNEL,2016,353.9890710382514,WSC,NA,NA,NA,NA,NA
Fraser River,Quesnel,HORSEFLY RIVER ABOVE QUESNEL LAKE,2016,52.04535522356711,WSC,NA,NA,NA,NA,NA
Fraser River,Quesnel,BAKER CREEK AT QUESNEL,2017,8.0183933939113,WSC,NA,NA,NA,NA,NA
Fraser River,Quesnel,QUESNEL RIVER AT LIKELY,2017,177.9213114045357,WSC,NA,NA,NA,NA,NA
Fraser River,Quesnel,QUESNEL RIVER NEAR QUESNEL,2017,328.46557375381553,WSC,NA,NA,NA,NA,NA
Fraser River,Quesnel,HORSEFLY RIVER ABOVE QUESNEL LAKE,2017,46.04213115556644,WSC,NA,NA,NA,NA,NA
Fraser River,Quesnel,BAKER CREEK AT QUESNEL,2018,10.531431676911527,WSC,NA,NA,NA,NA,NA
Fraser River,Quesnel,QUESNEL RIVER AT LIKELY,2018,198.16010930629375,WSC,NA,NA,NA,NA,NA
Fraser River,Quesnel,QUESNEL RIVER NEAR QUESNEL,2018,354.74043715846994,WSC,NA,NA,NA,NA,NA
Fraser River,Quesnel,HORSEFLY RIVER ABOVE QUESNEL LAKE,2018,54.9499999968732,WSC,NA,NA,NA,NA,NA
Fraser River,Quesnel,BAKER CREEK AT QUESNEL,2019,8.822076505650589,WSC,NA,NA,NA,NA,NA
Fraser River,Quesnel,QUESNEL RIVER AT LIKELY,2019,207.65245900388624,WSC,NA,NA,NA,NA,NA
Fraser River,Quesnel,QUESNEL RIVER NEAR QUESNEL,2019,376.88524590163934,WSC,NA,NA,NA,NA,NA
Fraser River,Quesnel,HORSEFLY RIVER ABOVE QUESNEL LAKE,2019,58.25245915605723,WSC,NA,NA,NA,NA,NA
Fraser River,Quesnel,BAKER CREEK AT QUESNEL,2020,17.64182517763044,WSC,NA,NA,NA,NA,NA
Fraser River,Quesnel,QUESNEL RIVER AT LIKELY,2020,303.50218576941984,WSC,NA,NA,NA,NA,NA
Fraser River,Quesnel,QUESNEL RIVER NEAR QUESNEL,2020,553.9497268343232,WSC,NA,NA,NA,NA,NA
Fraser River,Quesnel,HORSEFLY RIVER ABOVE QUESNEL LAKE,2020,97.80765026905497,WSC,NA,NA,NA,NA,NA
Fraser River,Quesnel,BAKER CREEK AT QUESNEL,2021,10.995251381820667,WSC,NA,NA,NA,NA,NA
Fraser River,Quesnel,QUESNEL RIVER AT LIKELY,2021,203.09125681392482,WSC,NA,NA,NA,NA,NA
Fraser River,Quesnel,QUESNEL RIVER NEAR QUESNEL,2021,372.35081969714554,WSC,NA,NA,NA,NA,NA
Fraser River,Quesnel,HORSEFLY RIVER ABOVE QUESNEL LAKE,2021,57.82677589739607,WSC,NA,NA,NA,NA,NA
Fraser River,Quesnel,BAKER CREEK AT QUESNEL,2022,7.709404369032447,WSC,NA,NA,NA,NA,NA
Fraser River,Quesnel,QUESNEL RIVER AT LIKELY,2022,263.9956284611603,WSC,NA,NA,NA,NA,NA
Fraser River,Quesnel,QUESNEL RIVER NEAR QUESNEL,2022,478.0382513661202,WSC,NA,NA,NA,NA,NA
Fraser River,Quesnel,HORSEFLY RIVER ABOVE QUESNEL LAKE,2022,82.63366122845092,WSC,NA,NA,NA,NA,NA
Fraser River,Quesnel,BAKER CREEK AT QUESNEL,2023,5.974098343666785,WSC,NA,NA,NA,NA,NA
Fraser River,Quesnel,QUESNEL RIVER AT LIKELY,2023,151.63934434567645,WSC,NA,NA,NA,NA,NA
Fraser River,Quesnel,QUESNEL RIVER NEAR QUESNEL,2023,283.27978144577946,WSC,NA,NA,NA,NA,NA
Fraser River,Quesnel,HORSEFLY RIVER ABOVE QUESNEL LAKE,2023,37.64945341850239,WSC,NA,NA,NA,NA,NA
Fraser River,Quesnel,QUESNEL RIVER AT LIKELY,2024,149.94098373579848,WSC,NA,NA,NA,NA,NA
Fraser River,Raft,RAFT RIVER NEAR CLEARWATER,1952,31.68495479629886,WSC,NA,NA,NA,NA,NA
Fraser River,Raft,RAFT RIVER NEAR CLEARWATER,1953,24.559617407986373,WSC,NA,NA,NA,NA,NA
Fraser River,Raft,RAFT RIVER NEAR CLEARWATER,1954,28.26131147830213,WSC,NA,NA,NA,NA,NA
Fraser River,Raft,RAFT RIVER NEAR CLEARWATER,1955,26.36115311110606,WSC,NA,NA,NA,NA,NA
Fraser River,Raft,RAFT RIVER NEAR CLEARWATER,1956,25.326448083575304,WSC,NA,NA,NA,NA,NA
Fraser River,Raft,RAFT RIVER NEAR CLEARWATER,1957,31.26393432955924,WSC,NA,NA,NA,NA,NA
Fraser River,Stellako,STELLAKO RIVER AT GLENANNAN,1950,23.647541080016257,WSC,NA,NA,NA,NA,NA
Fraser River,Stellako,STELLAKO RIVER AT GLENANNAN,1951,27.93781418878524,WSC,NA,NA,NA,NA,NA
Fraser River,Stellako,STELLAKO RIVER AT GLENANNAN,1952,32.64409837827005,WSC,NA,NA,NA,NA,NA
Fraser River,Stellako,STELLAKO RIVER AT GLENANNAN,1953,30.94808733788996,WSC,NA,NA,NA,NA,NA
Fraser River,Stellako,STELLAKO RIVER AT GLENANNAN,1954,47.963442635666475,WSC,NA,NA,NA,NA,NA
Fraser River,Stellako,STELLAKO RIVER AT GLENANNAN,1955,24.242623021693827,WSC,NA,NA,NA,NA,NA
Fraser River,Stellako,STELLAKO RIVER AT GLENANNAN,1956,18.567158519244586,WSC,NA,NA,NA,NA,NA
Fraser River,Stellako,STELLAKO RIVER AT GLENANNAN,1957,30.42557363822812,WSC,NA,NA,NA,NA,NA
Fraser River,Stellako,STELLAKO RIVER AT GLENANNAN,1958,41.84808719614164,WSC,NA,NA,NA,NA,NA
Fraser River,Stellako,STELLAKO RIVER AT GLENANNAN,1959,49.550164105462244,WSC,NA,NA,NA,NA,NA
Fraser River,Stellako,STELLAKO RIVER AT GLENANNAN,1960,43.46612029779153,WSC,NA,NA,NA,NA,NA
Fraser River,Stellako,STELLAKO RIVER AT GLENANNAN,1961,35.05983616354687,WSC,NA,NA,NA,NA,NA
Fraser River,Stellako,STELLAKO RIVER AT GLENANNAN,1962,33.793770412278306,WSC,NA,NA,NA,NA,NA
Fraser River,Stellako,STELLAKO RIVER AT GLENANNAN,1963,33.118907209302556,WSC,NA,NA,NA,NA,NA
Fraser River,Stellako,STELLAKO RIVER AT GLENANNAN,1964,39.023879772978404,WSC,NA,NA,NA,NA,NA
Fraser River,Stellako,STELLAKO RIVER AT GLENANNAN,1965,34.33224063623147,WSC,NA,NA,NA,NA,NA
Fraser River,Stellako,STELLAKO RIVER AT GLENANNAN,1966,39.238579512945286,WSC,NA,NA,NA,NA,NA
Fraser River,Stellako,STELLAKO RIVER AT GLENANNAN,1967,42.63874318690899,WSC,NA,NA,NA,NA,NA
Fraser River,Stellako,STELLAKO RIVER AT GLENANNAN,1968,46.53273226784878,WSC,NA,NA,NA,NA,NA
Fraser River,Stellako,STELLAKO RIVER AT GLENANNAN,1969,29.537322469096367,WSC,NA,NA,NA,NA,NA
Fraser River,Stellako,STELLAKO RIVER AT GLENANNAN,1970,22.26650266699452,WSC,NA,NA,NA,NA,NA
Fraser River,Stellako,STELLAKO RIVER AT GLENANNAN,1971,33.701311596104354,WSC,NA,NA,NA,NA,NA
Fraser River,Stellako,STELLAKO RIVER AT GLENANNAN,1972,58.32688524944535,WSC,NA,NA,NA,NA,NA
Fraser River,Stellako,STELLAKO RIVER AT GLENANNAN,1973,31.159235104837055,WSC,NA,NA,NA,NA,NA
Fraser River,Stellako,STELLAKO RIVER AT GLENANNAN,1974,42.20595639129805,WSC,NA,NA,NA,NA,NA
Fraser River,Stellako,STELLAKO RIVER AT GLENANNAN,1975,18.954262319158335,WSC,NA,NA,NA,NA,NA
Fraser River,Stellako,STELLAKO RIVER AT GLENANNAN,1976,71.83732244356082,WSC,NA,NA,NA,NA,NA
Fraser River,Stellako,STELLAKO RIVER AT GLENANNAN,1977,38.22786864817468,WSC,NA,NA,NA,NA,NA
Fraser River,Stellako,STELLAKO RIVER AT GLENANNAN,1978,28.65568315526827,WSC,NA,NA,NA,NA,NA
Fraser River,Stellako,STELLAKO RIVER AT GLENANNAN,1979,35.81278677195148,WSC,NA,NA,NA,NA,NA
Fraser River,Stellako,STELLAKO RIVER AT GLENANNAN,1980,14.18535519558224,WSC,NA,NA,NA,NA,NA
Fraser River,Stellako,STELLAKO RIVER AT GLENANNAN,1981,28.022185825910725,WSC,NA,NA,NA,NA,NA
Fraser River,Stellako,STELLAKO RIVER AT GLENANNAN,1982,28.50322415138203,WSC,NA,NA,NA,NA,NA
Fraser River,Stellako,STELLAKO RIVER AT GLENANNAN,1983,19.4575409263861,WSC,NA,NA,NA,NA,NA
Fraser River,Stellako,STELLAKO RIVER AT GLENANNAN,1984,20.727377094206265,WSC,NA,NA,NA,NA,NA
Fraser River,Stellako,STELLAKO RIVER AT GLENANNAN,1985,23.66213112971821,WSC,NA,NA,NA,NA,NA
Fraser River,Stellako,STELLAKO RIVER AT GLENANNAN,1986,19.136065574291628,WSC,NA,NA,NA,NA,NA
Fraser River,Stellako,STELLAKO RIVER AT GLENANNAN,1987,22.20306014232948,WSC,NA,NA,NA,NA,NA
Fraser River,Stellako,STELLAKO RIVER AT GLENANNAN,1988,18.617595646550743,WSC,NA,NA,NA,NA,NA
Fraser River,Stellako,STELLAKO RIVER AT GLENANNAN,1989,24.007923462351812,WSC,NA,NA,NA,NA,NA
Fraser River,Stellako,STELLAKO RIVER AT GLENANNAN,1990,26.688141989577662,WSC,NA,NA,NA,NA,NA
Fraser River,Stellako,STELLAKO RIVER AT GLENANNAN,1991,24.41732241938023,WSC,NA,NA,NA,NA,NA
Fraser River,Stellako,STELLAKO RIVER AT GLENANNAN,1992,28.29273226222054,WSC,NA,NA,NA,NA,NA
Fraser River,Stellako,STELLAKO RIVER AT GLENANNAN,1993,33.16726774986976,WSC,NA,NA,NA,NA,NA
Fraser River,Stellako,STELLAKO RIVER AT GLENANNAN,1994,32.883497308512204,WSC,NA,NA,NA,NA,NA
Fraser River,Stellako,STELLAKO RIVER AT GLENANNAN,1995,27.09961752552804,WSC,NA,NA,NA,NA,NA
Fraser River,Stellako,STELLAKO RIVER AT GLENANNAN,1996,43.2269398501662,WSC,NA,NA,NA,NA,NA
Fraser River,Stellako,STELLAKO RIVER AT GLENANNAN,1997,55.51054646538906,WSC,NA,NA,NA,NA,NA
Fraser River,Stellako,STELLAKO RIVER AT GLENANNAN,1998,24.557322397909527,WSC,NA,NA,NA,NA,NA
Fraser River,Stellako,STELLAKO RIVER AT GLENANNAN,1999,34.76038253242201,WSC,NA,NA,NA,NA,NA
Fraser River,Stellako,STELLAKO RIVER AT GLENANNAN,2000,18.59062935088898,WSC,NA,NA,NA,NA,NA
Fraser River,Stellako,STELLAKO RIVER AT GLENANNAN,2001,17.432131167969416,WSC,NA,NA,NA,NA,NA
Fraser River,Stellako,STELLAKO RIVER AT GLENANNAN,2002,42.59672133127849,WSC,NA,NA,NA,NA,NA
Fraser River,Stellako,STELLAKO RIVER AT GLENANNAN,2003,15.826065602849743,WSC,NA,NA,NA,NA,NA
Fraser River,Stellako,STELLAKO RIVER AT GLENANNAN,2004,19.95994538948184,WSC,NA,NA,NA,NA,NA
Fraser River,Stellako,STELLAKO RIVER AT GLENANNAN,2005,34.41202184541629,WSC,NA,NA,NA,NA,NA
Fraser River,Stellako,STELLAKO RIVER AT GLENANNAN,2006,17.432841564136776,WSC,NA,NA,NA,NA,NA
Fraser River,Stellako,STELLAKO RIVER AT GLENANNAN,2007,79.1806557165469,WSC,NA,NA,NA,NA,NA
Fraser River,Stellako,STELLAKO RIVER AT GLENANNAN,2008,28.72491806843242,WSC,NA,NA,NA,NA,NA
Fraser River,Stellako,STELLAKO RIVER AT GLENANNAN,2009,31.337486371316544,WSC,NA,NA,NA,NA,NA
Fraser River,Stellako,STELLAKO RIVER AT GLENANNAN,2010,22.043989160673213,WSC,NA,NA,NA,NA,NA
Fraser River,Stellako,STELLAKO RIVER AT GLENANNAN,2011,58.089398949524096,WSC,NA,NA,NA,NA,NA
Fraser River,Stellako,STELLAKO RIVER AT GLENANNAN,2012,46.71508192364636,WSC,NA,NA,NA,NA,NA
Fraser River,Stellako,STELLAKO RIVER AT GLENANNAN,2013,22.953989105797856,WSC,NA,NA,NA,NA,NA
Fraser River,Stellako,STELLAKO RIVER AT GLENANNAN,2014,22.675901621417264,WSC,NA,NA,NA,NA,NA
Fraser River,Stellako,STELLAKO RIVER AT GLENANNAN,2015,62.31213107916827,WSC,NA,NA,NA,NA,NA
Fraser River,Stellako,STELLAKO RIVER AT GLENANNAN,2016,21.425027310522527,WSC,NA,NA,NA,NA,NA
Fraser River,Stellako,STELLAKO RIVER AT GLENANNAN,2017,36.48551903396356,WSC,NA,NA,NA,NA,NA
Fraser River,Stellako,STELLAKO RIVER AT GLENANNAN,2018,47.29081965274498,WSC,NA,NA,NA,NA,NA
Fraser River,Stellako,STELLAKO RIVER AT GLENANNAN,2019,23.793989046023842,WSC,NA,NA,NA,NA,NA
Fraser River,Stellako,STELLAKO RIVER AT GLENANNAN,2020,37.264808759011856,WSC,NA,NA,NA,NA,NA
Fraser River,Stellako,STELLAKO RIVER AT GLENANNAN,2021,37.390054556841406,WSC,NA,NA,NA,NA,NA
Fraser River,Stellako,STELLAKO RIVER AT GLENANNAN,2022,35.08989062595889,WSC,NA,NA,NA,NA,NA
Fraser River,Stellako,STELLAKO RIVER AT GLENANNAN,2023,17.636502650266134,WSC,NA,NA,NA,NA,NA
Fraser River,Stellako,STELLAKO RIVER AT GLENANNAN,2024,11.257759560652767,WSC,NA,NA,NA,NA,NA
